[{"model": "admin.logentry", "pk": 1, "fields": {"action_time": "2019-11-17T02:39:52.007Z", "user": 1, "content_type": 7, "object_id": "1", "object_repr": "test", "action_flag": 1, "change_message": "[{\"added\": {}}]"}}, {"model": "admin.logentry", "pk": 2, "fields": {"action_time": "2019-11-17T02:47:44.826Z", "user": 1, "content_type": 8, "object_id": "2", "object_repr": "test2", "action_flag": 2, "change_message": "[{\"changed\": {\"fields\": [\"delivered\"]}}]"}}, {"model": "admin.logentry", "pk": 3, "fields": {"action_time": "2019-11-17T02:55:36.918Z", "user": 1, "content_type": 7, "object_id": "1", "object_repr": "test", "action_flag": 3, "change_message": ""}}, {"model": "admin.logentry", "pk": 4, "fields": {"action_time": "2019-11-17T03:00:26.811Z", "user": 1, "content_type": 7, "object_id": "2", "object_repr": "mtr-gulab-jamun-mix", "action_flag": 1, "change_message": "[{\"added\": {}}]"}}, {"model": "admin.logentry", "pk": 5, "fields": {"action_time": "2019-11-17T03:02:51.518Z", "user": 1, "content_type": 8, "object_id": "3", "object_repr": "goutham", "action_flag": 2, "change_message": "[{\"changed\": {\"fields\": [\"delivered\"]}}]"}}, {"model": "admin.logentry", "pk": 6, "fields": {"action_time": "2019-11-17T04:49:21.051Z", "user": 1, "content_type": 7, "object_id": "3", "object_repr": "daawat-basmati-rice", "action_flag": 1, "change_message": "[{\"added\": {}}]"}}, {"model": "admin.logentry", "pk": 7, "fields": {"action_time": "2019-11-17T05:05:25.313Z", "user": 1, "content_type": 7, "object_id": "4", "object_repr": "fresho-signature-corn-bread-pre-sliced-300-g-fresh", "action_flag": 1, "change_message": "[{\"added\": {}}]"}}, {"model": "admin.logentry", "pk": 8, "fields": {"action_time": "2019-11-17T05:08:10.073Z", "user": 1, "content_type": 7, "object_id": "5", "object_repr": "fresho-signature-coconut-rice-crisps-cookies-150-g", "action_flag": 1, "change_message": "[{\"added\": {}}]"}}, {"model": "admin.logentry", "pk": 9, "fields": {"action_time": "2019-11-19T05:38:00.236Z", "user": 1, "content_type": 7, "object_id": "6", "object_repr": "honey", "action_flag": 1, "change_message": "[{\"added\": {}}]"}}, {"model": "admin.logentry", "pk": 10, "fields": {"action_time": "2019-11-26T15:49:46.953Z", "user": 1, "content_type": 7, "object_id": "6", "object_repr": "honey", "action_flag": 3, "change_message": ""}}, {"model": "admin.logentry", "pk": 11, "fields": {"action_time": "2019-11-27T14:36:35.644Z", "user": 1, "content_type": 7, "object_id": "5", "object_repr": "fresho-signature-coconut-rice-crisps-cookies-150-g", "action_flag": 2, "change_message": "[{\"changed\": {\"fields\": [\"category\"]}}]"}}, {"model": "admin.logentry", "pk": 12, "fields": {"action_time": "2019-11-27T14:36:52.466Z", "user": 1, "content_type": 7, "object_id": "4", "object_repr": "fresho-signature-corn-bread-pre-sliced-300-g-fresh", "action_flag": 2, "change_message": "[{\"changed\": {\"fields\": [\"category\"]}}]"}}, {"model": "admin.logentry", "pk": 13, "fields": {"action_time": "2019-11-27T14:37:08.223Z", "user": 1, "content_type": 7, "object_id": "3", "object_repr": "daawat-basmati-rice", "action_flag": 2, "change_message": "[{\"changed\": {\"fields\": [\"category\"]}}]"}}, {"model": "admin.logentry", "pk": 14, "fields": {"action_time": "2019-11-29T01:38:35.859Z", "user": 1, "content_type": 7, "object_id": "5", "object_repr": "fresho-signature-coconut-rice-crisps-cookies-150-g", "action_flag": 2, "change_message": "[{\"changed\": {\"fields\": [\"category\"]}}]"}}, {"model": "admin.logentry", "pk": 15, "fields": {"action_time": "2019-11-29T01:39:12.838Z", "user": 1, "content_type": 7, "object_id": "2", "object_repr": "mtr-gulab-jamun-mix", "action_flag": 2, "change_message": "[{\"changed\": {\"fields\": [\"category\"]}}]"}}, {"model": "admin.logentry", "pk": 16, "fields": {"action_time": "2019-11-29T01:39:34.154Z", "user": 1, "content_type": 7, "object_id": "3", "object_repr": "daawat-basmati-rice", "action_flag": 2, "change_message": "[{\"changed\": {\"fields\": [\"category\"]}}]"}}, {"model": "admin.logentry", "pk": 17, "fields": {"action_time": "2019-11-29T01:40:02.923Z", "user": 1, "content_type": 7, "object_id": "4", "object_repr": "fresho-signature-corn-bread-pre-sliced-300-g-fresh", "action_flag": 2, "change_message": "[{\"changed\": {\"fields\": [\"category\"]}}]"}}, {"model": "admin.logentry", "pk": 18, "fields": {"action_time": "2019-11-29T01:41:08.683Z", "user": 1, "content_type": 8, "object_id": "15", "object_repr": "goutham-2", "action_flag": 3, "change_message": ""}}, {"model": "admin.logentry", "pk": 19, "fields": {"action_time": "2019-11-29T01:41:26.371Z", "user": 1, "content_type": 8, "object_id": "14", "object_repr": "tester", "action_flag": 3, "change_message": ""}}, {"model": "admin.logentry", "pk": 20, "fields": {"action_time": "2019-11-29T01:41:51.796Z", "user": 1, "content_type": 8, "object_id": "13", "object_repr": "test", "action_flag": 3, "change_message": ""}}, {"model": "admin.logentry", "pk": 21, "fields": {"action_time": "2019-11-29T01:42:00.315Z", "user": 1, "content_type": 8, "object_id": "8", "object_repr": "chandu", "action_flag": 3, "change_message": ""}}, {"model": "admin.logentry", "pk": 22, "fields": {"action_time": "2019-11-29T01:42:28.356Z", "user": 1, "content_type": 8, "object_id": "6", "object_repr": "xy", "action_flag": 3, "change_message": ""}}, {"model": "admin.logentry", "pk": 23, "fields": {"action_time": "2019-11-29T01:42:39.641Z", "user": 1, "content_type": 8, "object_id": "7", "object_repr": "xy-2", "action_flag": 3, "change_message": ""}}, {"model": "admin.logentry", "pk": 24, "fields": {"action_time": "2019-11-29T01:42:51.924Z", "user": 1, "content_type": 8, "object_id": "9", "object_repr": "chandu-2", "action_flag": 3, "change_message": ""}}, {"model": "admin.logentry", "pk": 25, "fields": {"action_time": "2019-11-29T01:43:19.182Z", "user": 1, "content_type": 8, "object_id": "3", "object_repr": "goutham", "action_flag": 2, "change_message": "[{\"changed\": {\"fields\": [\"name\"]}}]"}}, {"model": "admin.logentry", "pk": 26, "fields": {"action_time": "2019-11-29T01:43:36.495Z", "user": 1, "content_type": 8, "object_id": "5", "object_repr": "xyz", "action_flag": 3, "change_message": ""}}, {"model": "admin.logentry", "pk": 27, "fields": {"action_time": "2019-11-29T01:44:08.943Z", "user": 1, "content_type": 8, "object_id": "4", "object_repr": "aadhya", "action_flag": 2, "change_message": "[]"}}, {"model": "admin.logentry", "pk": 28, "fields": {"action_time": "2019-12-11T15:54:12.460Z", "user": 2, "content_type": 8, "object_id": "19", "object_repr": "chandu", "action_flag": 2, "change_message": "[{\"changed\": {\"fields\": [\"delivered\", \"delivered_on\"]}}]"}}, {"model": "admin.logentry", "pk": 29, "fields": {"action_time": "2023-09-22T06:23:16.965Z", "user": 8, "content_type": 8, "object_id": "18", "object_repr": "supriya", "action_flag": 3, "change_message": ""}}, {"model": "admin.logentry", "pk": 30, "fields": {"action_time": "2023-09-22T06:25:00.676Z", "user": 8, "content_type": 7, "object_id": "4", "object_repr": "fresho-signature-corn-bread-pre-sliced-300-g-fresh", "action_flag": 3, "change_message": ""}}, {"model": "admin.logentry", "pk": 31, "fields": {"action_time": "2023-09-22T06:31:57.780Z", "user": 8, "content_type": 7, "object_id": "6", "object_repr": "matoke", "action_flag": 1, "change_message": "[{\"added\": {}}]"}}, {"model": "admin.logentry", "pk": 32, "fields": {"action_time": "2023-09-22T06:33:07.124Z", "user": 8, "content_type": 7, "object_id": "5", "object_repr": "fresho-signature-coconut-rice-crisps-cookies-150-g", "action_flag": 3, "change_message": ""}}, {"model": "admin.logentry", "pk": 33, "fields": {"action_time": "2023-09-22T06:35:40.126Z", "user": 8, "content_type": 7, "object_id": "7", "object_repr": "fried-beef", "action_flag": 1, "change_message": "[{\"added\": {}}]"}}, {"model": "admin.logentry", "pk": 34, "fields": {"action_time": "2023-09-22T06:35:57.988Z", "user": 8, "content_type": 7, "object_id": "3", "object_repr": "daawat-basmati-rice", "action_flag": 3, "change_message": ""}}, {"model": "admin.logentry", "pk": 35, "fields": {"action_time": "2023-09-22T06:37:54.920Z", "user": 8, "content_type": 7, "object_id": "8", "object_repr": "fresh-fried-fish", "action_flag": 1, "change_message": "[{\"added\": {}}]"}}, {"model": "admin.logentry", "pk": 36, "fields": {"action_time": "2023-09-22T06:41:15.586Z", "user": 8, "content_type": 7, "object_id": "9", "object_repr": "chapatibeans", "action_flag": 1, "change_message": "[{\"added\": {}}]"}}, {"model": "admin.logentry", "pk": 37, "fields": {"action_time": "2023-09-22T06:41:45.860Z", "user": 8, "content_type": 7, "object_id": "2", "object_repr": "mtr-gulab-jamun-mix", "action_flag": 3, "change_message": ""}}, {"model": "admin.logentry", "pk": 38, "fields": {"action_time": "2023-11-08T05:29:32.825Z", "user": 10, "content_type": 8, "object_id": "48", "object_repr": "vic", "action_flag": 1, "change_message": "[{\"added\": {}}]"}}, {"model": "admin.logentry", "pk": 39, "fields": {"action_time": "2023-11-12T06:34:22.445Z", "user": 10, "content_type": 8, "object_id": "48", "object_repr": "vic", "action_flag": 3, "change_message": ""}}, {"model": "admin.logentry", "pk": 40, "fields": {"action_time": "2023-11-12T06:34:22.610Z", "user": 10, "content_type": 8, "object_id": "53", "object_repr": "vic-2", "action_flag": 3, "change_message": ""}}, {"model": "admin.logentry", "pk": 41, "fields": {"action_time": "2023-11-12T06:34:22.731Z", "user": 10, "content_type": 8, "object_id": "52", "object_repr": "mare-23", "action_flag": 3, "change_message": ""}}, {"model": "admin.logentry", "pk": 42, "fields": {"action_time": "2023-11-12T06:34:22.811Z", "user": 10, "content_type": 8, "object_id": "51", "object_repr": "mare-22", "action_flag": 3, "change_message": ""}}, {"model": "admin.logentry", "pk": 43, "fields": {"action_time": "2023-11-12T06:34:22.859Z", "user": 10, "content_type": 8, "object_id": "50", "object_repr": "mare-21", "action_flag": 3, "change_message": ""}}, {"model": "admin.logentry", "pk": 44, "fields": {"action_time": "2023-11-12T06:34:22.943Z", "user": 10, "content_type": 8, "object_id": "49", "object_repr": "mare-20", "action_flag": 3, "change_message": ""}}, {"model": "admin.logentry", "pk": 45, "fields": {"action_time": "2023-11-12T06:34:23.111Z", "user": 10, "content_type": 8, "object_id": "47", "object_repr": "mare-19", "action_flag": 3, "change_message": ""}}, {"model": "admin.logentry", "pk": 46, "fields": {"action_time": "2023-11-12T06:34:23.319Z", "user": 10, "content_type": 8, "object_id": "46", "object_repr": "mare-18", "action_flag": 3, "change_message": ""}}, {"model": "admin.logentry", "pk": 47, "fields": {"action_time": "2023-11-12T06:34:23.530Z", "user": 10, "content_type": 8, "object_id": "45", "object_repr": "mare-17", "action_flag": 3, "change_message": ""}}, {"model": "admin.logentry", "pk": 48, "fields": {"action_time": "2023-11-12T06:34:23.613Z", "user": 10, "content_type": 8, "object_id": "44", "object_repr": "mare-16", "action_flag": 3, "change_message": ""}}, {"model": "admin.logentry", "pk": 49, "fields": {"action_time": "2023-11-12T06:34:23.736Z", "user": 10, "content_type": 8, "object_id": "43", "object_repr": "clara-2", "action_flag": 3, "change_message": ""}}, {"model": "admin.logentry", "pk": 50, "fields": {"action_time": "2023-11-12T06:34:23.829Z", "user": 10, "content_type": 8, "object_id": "42", "object_repr": "clara", "action_flag": 3, "change_message": ""}}, {"model": "admin.logentry", "pk": 51, "fields": {"action_time": "2023-11-12T06:34:23.952Z", "user": 10, "content_type": 8, "object_id": "41", "object_repr": "mare-15", "action_flag": 3, "change_message": ""}}, {"model": "admin.logentry", "pk": 52, "fields": {"action_time": "2023-11-12T06:34:24.047Z", "user": 10, "content_type": 8, "object_id": "40", "object_repr": "mare-14", "action_flag": 3, "change_message": ""}}, {"model": "admin.logentry", "pk": 53, "fields": {"action_time": "2023-11-12T06:34:24.167Z", "user": 10, "content_type": 8, "object_id": "39", "object_repr": "mare-13", "action_flag": 3, "change_message": ""}}, {"model": "admin.logentry", "pk": 54, "fields": {"action_time": "2023-11-12T06:34:24.299Z", "user": 10, "content_type": 8, "object_id": "38", "object_repr": "mare-12", "action_flag": 3, "change_message": ""}}, {"model": "admin.logentry", "pk": 55, "fields": {"action_time": "2023-11-12T06:34:24.452Z", "user": 10, "content_type": 8, "object_id": "37", "object_repr": "mare-11", "action_flag": 3, "change_message": ""}}, {"model": "admin.logentry", "pk": 56, "fields": {"action_time": "2023-11-12T06:34:24.521Z", "user": 10, "content_type": 8, "object_id": "36", "object_repr": "mare-10", "action_flag": 3, "change_message": ""}}, {"model": "admin.logentry", "pk": 57, "fields": {"action_time": "2023-11-12T06:34:24.664Z", "user": 10, "content_type": 8, "object_id": "35", "object_repr": "mare-9", "action_flag": 3, "change_message": ""}}, {"model": "admin.logentry", "pk": 58, "fields": {"action_time": "2023-11-12T06:34:24.778Z", "user": 10, "content_type": 8, "object_id": "34", "object_repr": "mare-8", "action_flag": 3, "change_message": ""}}, {"model": "admin.logentry", "pk": 59, "fields": {"action_time": "2023-11-12T06:34:24.922Z", "user": 10, "content_type": 8, "object_id": "33", "object_repr": "mare-7", "action_flag": 3, "change_message": ""}}, {"model": "admin.logentry", "pk": 60, "fields": {"action_time": "2023-11-12T06:34:25.194Z", "user": 10, "content_type": 8, "object_id": "32", "object_repr": "mare-6", "action_flag": 3, "change_message": ""}}, {"model": "admin.logentry", "pk": 61, "fields": {"action_time": "2023-11-12T06:34:25.312Z", "user": 10, "content_type": 8, "object_id": "31", "object_repr": "mare-5", "action_flag": 3, "change_message": ""}}, {"model": "admin.logentry", "pk": 62, "fields": {"action_time": "2023-11-12T06:34:25.379Z", "user": 10, "content_type": 8, "object_id": "30", "object_repr": "mare-4", "action_flag": 3, "change_message": ""}}, {"model": "admin.logentry", "pk": 63, "fields": {"action_time": "2023-11-12T06:34:25.559Z", "user": 10, "content_type": 8, "object_id": "29", "object_repr": "mare-3", "action_flag": 3, "change_message": ""}}, {"model": "admin.logentry", "pk": 64, "fields": {"action_time": "2023-11-12T06:34:25.706Z", "user": 10, "content_type": 8, "object_id": "28", "object_repr": "mare-2", "action_flag": 3, "change_message": ""}}, {"model": "admin.logentry", "pk": 65, "fields": {"action_time": "2023-11-12T06:34:25.850Z", "user": 10, "content_type": 8, "object_id": "27", "object_repr": "mare", "action_flag": 3, "change_message": ""}}, {"model": "admin.logentry", "pk": 66, "fields": {"action_time": "2023-11-12T06:34:25.995Z", "user": 10, "content_type": 8, "object_id": "26", "object_repr": "lions", "action_flag": 3, "change_message": ""}}, {"model": "admin.logentry", "pk": 67, "fields": {"action_time": "2023-11-12T06:34:26.111Z", "user": 10, "content_type": 8, "object_id": "25", "object_repr": "elsa-achieng", "action_flag": 3, "change_message": ""}}, {"model": "admin.logentry", "pk": 68, "fields": {"action_time": "2023-11-12T06:34:26.373Z", "user": 10, "content_type": 8, "object_id": "24", "object_repr": "mary", "action_flag": 3, "change_message": ""}}, {"model": "admin.logentry", "pk": 69, "fields": {"action_time": "2023-11-12T09:49:21.794Z", "user": 10, "content_type": 8, "object_id": "5", "object_repr": "nelly", "action_flag": 1, "change_message": "[{\"added\": {}}]"}}, {"model": "admin.logentry", "pk": 70, "fields": {"action_time": "2023-11-14T11:41:11.218Z", "user": 10, "content_type": 8, "object_id": "28", "object_repr": "mali", "action_flag": 1, "change_message": "[{\"added\": {}}]"}}, {"model": "admin.logentry", "pk": 71, "fields": {"action_time": "2023-11-19T06:51:25.852Z", "user": 10, "content_type": 14, "object_id": "7", "object_repr": "mare", "action_flag": 1, "change_message": "[{\"added\": {}}]"}}, {"model": "admin.logentry", "pk": 72, "fields": {"action_time": "2023-11-19T06:53:04.229Z", "user": 10, "content_type": 12, "object_id": "1", "object_repr": "Matoke - 5 stars", "action_flag": 1, "change_message": "[{\"added\": {}}]"}}, {"model": "admin.logentry", "pk": 73, "fields": {"action_time": "2023-11-19T07:13:39.862Z", "user": 10, "content_type": 12, "object_id": "2", "object_repr": "Fresh Fried Fish - Good", "action_flag": 1, "change_message": "[{\"added\": {}}]"}}, {"model": "admin.logentry", "pk": 74, "fields": {"action_time": "2023-11-20T09:32:22.906Z", "user": 10, "content_type": 8, "object_id": "52", "object_repr": "marry", "action_flag": 1, "change_message": "[{\"added\": {}}]"}}, {"model": "auth.permission", "pk": 1, "fields": {"name": "Can add log entry", "content_type": 1, "codename": "add_logentry"}}, {"model": "auth.permission", "pk": 2, "fields": {"name": "Can change log entry", "content_type": 1, "codename": "change_logentry"}}, {"model": "auth.permission", "pk": 3, "fields": {"name": "Can delete log entry", "content_type": 1, "codename": "delete_logentry"}}, {"model": "auth.permission", "pk": 4, "fields": {"name": "Can view log entry", "content_type": 1, "codename": "view_logentry"}}, {"model": "auth.permission", "pk": 5, "fields": {"name": "Can add permission", "content_type": 2, "codename": "add_permission"}}, {"model": "auth.permission", "pk": 6, "fields": {"name": "Can change permission", "content_type": 2, "codename": "change_permission"}}, {"model": "auth.permission", "pk": 7, "fields": {"name": "Can delete permission", "content_type": 2, "codename": "delete_permission"}}, {"model": "auth.permission", "pk": 8, "fields": {"name": "Can view permission", "content_type": 2, "codename": "view_permission"}}, {"model": "auth.permission", "pk": 9, "fields": {"name": "Can add group", "content_type": 3, "codename": "add_group"}}, {"model": "auth.permission", "pk": 10, "fields": {"name": "Can change group", "content_type": 3, "codename": "change_group"}}, {"model": "auth.permission", "pk": 11, "fields": {"name": "Can delete group", "content_type": 3, "codename": "delete_group"}}, {"model": "auth.permission", "pk": 12, "fields": {"name": "Can view group", "content_type": 3, "codename": "view_group"}}, {"model": "auth.permission", "pk": 13, "fields": {"name": "Can add user", "content_type": 4, "codename": "add_user"}}, {"model": "auth.permission", "pk": 14, "fields": {"name": "Can change user", "content_type": 4, "codename": "change_user"}}, {"model": "auth.permission", "pk": 15, "fields": {"name": "Can delete user", "content_type": 4, "codename": "delete_user"}}, {"model": "auth.permission", "pk": 16, "fields": {"name": "Can view user", "content_type": 4, "codename": "view_user"}}, {"model": "auth.permission", "pk": 17, "fields": {"name": "Can add content type", "content_type": 5, "codename": "add_contenttype"}}, {"model": "auth.permission", "pk": 18, "fields": {"name": "Can change content type", "content_type": 5, "codename": "change_contenttype"}}, {"model": "auth.permission", "pk": 19, "fields": {"name": "Can delete content type", "content_type": 5, "codename": "delete_contenttype"}}, {"model": "auth.permission", "pk": 20, "fields": {"name": "Can view content type", "content_type": 5, "codename": "view_contenttype"}}, {"model": "auth.permission", "pk": 21, "fields": {"name": "Can add session", "content_type": 6, "codename": "add_session"}}, {"model": "auth.permission", "pk": 22, "fields": {"name": "Can change session", "content_type": 6, "codename": "change_session"}}, {"model": "auth.permission", "pk": 23, "fields": {"name": "Can delete session", "content_type": 6, "codename": "delete_session"}}, {"model": "auth.permission", "pk": 24, "fields": {"name": "Can view session", "content_type": 6, "codename": "view_session"}}, {"model": "auth.permission", "pk": 25, "fields": {"name": "Can add product", "content_type": 7, "codename": "add_product"}}, {"model": "auth.permission", "pk": 26, "fields": {"name": "Can change product", "content_type": 7, "codename": "change_product"}}, {"model": "auth.permission", "pk": 27, "fields": {"name": "Can delete product", "content_type": 7, "codename": "delete_product"}}, {"model": "auth.permission", "pk": 28, "fields": {"name": "Can view product", "content_type": 7, "codename": "view_product"}}, {"model": "auth.permission", "pk": 29, "fields": {"name": "Can add order", "content_type": 8, "codename": "add_order"}}, {"model": "auth.permission", "pk": 30, "fields": {"name": "Can change order", "content_type": 8, "codename": "change_order"}}, {"model": "auth.permission", "pk": 31, "fields": {"name": "Can delete order", "content_type": 8, "codename": "delete_order"}}, {"model": "auth.permission", "pk": 32, "fields": {"name": "Can view order", "content_type": 8, "codename": "view_order"}}, {"model": "auth.permission", "pk": 33, "fields": {"name": "Can add vendor", "content_type": 9, "codename": "add_vendor"}}, {"model": "auth.permission", "pk": 34, "fields": {"name": "Can change vendor", "content_type": 9, "codename": "change_vendor"}}, {"model": "auth.permission", "pk": 35, "fields": {"name": "Can delete vendor", "content_type": 9, "codename": "delete_vendor"}}, {"model": "auth.permission", "pk": 36, "fields": {"name": "Can view vendor", "content_type": 9, "codename": "view_vendor"}}, {"model": "auth.permission", "pk": 37, "fields": {"name": "Can add restaurant", "content_type": 10, "codename": "add_restaurant"}}, {"model": "auth.permission", "pk": 38, "fields": {"name": "Can change restaurant", "content_type": 10, "codename": "change_restaurant"}}, {"model": "auth.permission", "pk": 39, "fields": {"name": "Can delete restaurant", "content_type": 10, "codename": "delete_restaurant"}}, {"model": "auth.permission", "pk": 40, "fields": {"name": "Can view restaurant", "content_type": 10, "codename": "view_restaurant"}}, {"model": "auth.permission", "pk": 41, "fields": {"name": "Can add feedback", "content_type": 11, "codename": "add_feedback"}}, {"model": "auth.permission", "pk": 42, "fields": {"name": "Can change feedback", "content_type": 11, "codename": "change_feedback"}}, {"model": "auth.permission", "pk": 43, "fields": {"name": "Can delete feedback", "content_type": 11, "codename": "delete_feedback"}}, {"model": "auth.permission", "pk": 44, "fields": {"name": "Can view feedback", "content_type": 11, "codename": "view_feedback"}}, {"model": "auth.permission", "pk": 45, "fields": {"name": "Can add review", "content_type": 12, "codename": "add_review"}}, {"model": "auth.permission", "pk": 46, "fields": {"name": "Can change review", "content_type": 12, "codename": "change_review"}}, {"model": "auth.permission", "pk": 47, "fields": {"name": "Can delete review", "content_type": 12, "codename": "delete_review"}}, {"model": "auth.permission", "pk": 48, "fields": {"name": "Can view review", "content_type": 12, "codename": "view_review"}}, {"model": "auth.permission", "pk": 49, "fields": {"name": "Can add rating comment", "content_type": 13, "codename": "add_ratingcomment"}}, {"model": "auth.permission", "pk": 50, "fields": {"name": "Can change rating comment", "content_type": 13, "codename": "change_ratingcomment"}}, {"model": "auth.permission", "pk": 51, "fields": {"name": "Can delete rating comment", "content_type": 13, "codename": "delete_ratingcomment"}}, {"model": "auth.permission", "pk": 52, "fields": {"name": "Can view rating comment", "content_type": 13, "codename": "view_ratingcomment"}}, {"model": "auth.permission", "pk": 53, "fields": {"name": "Can add vendor", "content_type": 14, "codename": "add_vendor"}}, {"model": "auth.permission", "pk": 54, "fields": {"name": "Can change vendor", "content_type": 14, "codename": "change_vendor"}}, {"model": "auth.permission", "pk": 55, "fields": {"name": "Can delete vendor", "content_type": 14, "codename": "delete_vendor"}}, {"model": "auth.permission", "pk": 56, "fields": {"name": "Can view vendor", "content_type": 14, "codename": "view_vendor"}}, {"model": "auth.user", "pk": 1, "fields": {"password": "pbkdf2_sha256$150000$fOR0dJjNkrDl$SBKRKMclgBJGO9QboKBpoQWTXBhZiIU6z3dXb8VKo8k=", "last_login": "2019-11-29T03:45:37.848Z", "is_superuser": true, "username": "aishuchennadi", "first_name": "", "last_name": "", "email": "", "is_staff": true, "is_active": true, "date_joined": "2019-11-17T02:38:26.461Z", "groups": [], "user_permissions": []}}, {"model": "auth.user", "pk": 2, "fields": {"password": "pbkdf2_sha256$150000$vcHAvTOcZlhE$1ox6uud+tXNTnFm6HdK6NkfMdNCbvak570JzFwcraU8=", "last_login": "2019-12-11T15:56:11.849Z", "is_superuser": true, "username": "chandu", "first_name": "", "last_name": "", "email": "", "is_staff": true, "is_active": true, "date_joined": "2019-11-26T13:29:05.440Z", "groups": [], "user_permissions": []}}, {"model": "auth.user", "pk": 3, "fields": {"password": "pbkdf2_sha256$150000$xfnOaT4Zrnbl$axv/BDNSe+rWAJLAnIiLrA0vtzZzMVSNioxEcaaarJw=", "last_login": "2019-11-26T14:47:07.491Z", "is_superuser": false, "username": "test", "first_name": "", "last_name": "", "email": "", "is_staff": false, "is_active": true, "date_joined": "2019-11-26T14:46:55.442Z", "groups": [], "user_permissions": []}}, {"model": "auth.user", "pk": 4, "fields": {"password": "pbkdf2_sha256$150000$Zg2pUhpJIAFP$Iic7GNK/cti5Pczg6kryUNPVqKjBy5qYn9mdA4XRcok=", "last_login": "2019-11-26T15:45:07.194Z", "is_superuser": false, "username": "Goutham", "first_name": "", "last_name": "", "email": "", "is_staff": false, "is_active": true, "date_joined": "2019-11-26T15:44:53.953Z", "groups": [], "user_permissions": []}}, {"model": "auth.user", "pk": 5, "fields": {"password": "pbkdf2_sha256$150000$xJm5gDEa2wld$jfRwZssqgWqekefvOgpojOKch489HfGfMC7X0NpjuW0=", "last_login": "2019-11-29T01:50:16.613Z", "is_superuser": false, "username": "Supriya", "first_name": "", "last_name": "", "email": "", "is_staff": false, "is_active": true, "date_joined": "2019-11-29T01:50:08.691Z", "groups": [], "user_permissions": []}}, {"model": "auth.user", "pk": 6, "fields": {"password": "pbkdf2_sha256$150000$SbHOTXaiijs6$XHJOVI7RzGC4MHMrd9Pm4Y127Nv0DvSU5qNMG9MFsBM=", "last_login": "2023-09-11T08:09:42.928Z", "is_superuser": true, "username": "elsa", "first_name": "", "last_name": "", "email": "elsaachien@gmail.com", "is_staff": true, "is_active": true, "date_joined": "2023-09-11T08:05:47.281Z", "groups": [], "user_permissions": []}}, {"model": "auth.user", "pk": 7, "fields": {"password": "pbkdf2_sha256$150000$N5PdtLSInSiQ$ztRgSIwlGjrmDfrlZIsTsQqJ8aYDu8X67Yg1d7HvvLI=", "last_login": "2023-09-19T13:04:02.429Z", "is_superuser": false, "username": "mare", "first_name": "", "last_name": "", "email": "", "is_staff": false, "is_active": true, "date_joined": "2023-09-11T08:12:16.732Z", "groups": [], "user_permissions": []}}, {"model": "auth.user", "pk": 8, "fields": {"password": "pbkdf2_sha256$150000$1wUiX49N47ja$/NOnfrhWLTNmuOKohwKjNjB0qw8TeoVTpXGLYJhTIfk=", "last_login": "2023-10-08T10:08:42.689Z", "is_superuser": true, "username": "achieng", "first_name": "", "last_name": "", "email": "achieng@gmail.com", "is_staff": true, "is_active": true, "date_joined": "2023-09-22T06:17:29.251Z", "groups": [], "user_permissions": []}}, {"model": "auth.user", "pk": 9, "fields": {"password": "pbkdf2_sha256$150000$MpnL2LSCOPQe$I4yv1TWlj4RFySFfbY2SkprhMmz2qoSQbnCT/ks3ZPU=", "last_login": "2023-09-22T07:59:01.252Z", "is_superuser": false, "username": "kevin", "first_name": "", "last_name": "", "email": "", "is_staff": false, "is_active": true, "date_joined": "2023-09-22T07:58:45.774Z", "groups": [], "user_permissions": []}}, {"model": "auth.user", "pk": 10, "fields": {"password": "pbkdf2_sha256$600000$R9D6sSRvISF1QmcIvNwUmC$pRzGbvVkpLntc19pziDA8MwVlRimumpAzqvLnQu+yPs=", "last_login": "2023-11-20T11:39:48.744Z", "is_superuser": true, "username": "mary", "first_name": "", "last_name": "", "email": "alsa@gmail.com", "is_staff": true, "is_active": true, "date_joined": "2023-10-30T11:07:20.512Z", "groups": [], "user_permissions": []}}, {"model": "auth.user", "pk": 11, "fields": {"password": "pbkdf2_sha256$600000$K6VAvxA5zsT2T1yzMTCdOW$7jGij0KGyOluVh5LkA0xo3/gvg7fqXsRMBSccE120Vo=", "last_login": "2023-11-14T09:48:37.763Z", "is_superuser": false, "username": "clara", "first_name": "", "last_name": "", "email": "", "is_staff": false, "is_active": true, "date_joined": "2023-11-01T11:07:24.258Z", "groups": [], "user_permissions": []}}, {"model": "auth.user", "pk": 12, "fields": {"password": "pbkdf2_sha256$600000$9MjkhFK5P201XNnApMS2YO$b5frb3Q+v38VGPJOVeaZVwmjOCm8iA7//L7xiAYqvg0=", "last_login": "2023-11-06T12:08:53.756Z", "is_superuser": false, "username": "victor", "first_name": "", "last_name": "", "email": "", "is_staff": false, "is_active": true, "date_joined": "2023-11-06T11:53:49.819Z", "groups": [], "user_permissions": []}}, {"model": "auth.user", "pk": 13, "fields": {"password": "pbkdf2_sha256$600000$mOQDrNzSYW0Sj1uBr5NNjT$8JP5Fg3qnOhYhyOJLf08bRJ9BZpNXT+qKZ1OzCMcAG8=", "last_login": "2023-11-12T06:36:33.982Z", "is_superuser": false, "username": "sally", "first_name": "", "last_name": "", "email": "", "is_staff": false, "is_active": true, "date_joined": "2023-11-12T06:36:21.822Z", "groups": [], "user_permissions": []}}, {"model": "auth.user", "pk": 14, "fields": {"password": "pbkdf2_sha256$600000$LjzQaoRoTHG637YC1S3M2I$v/C3ixmUm5BlfP8zwXu8GpOjORUYYNtLw2orYdhYrfY=", "last_login": "2023-11-15T05:18:12.267Z", "is_superuser": false, "username": "wendy", "first_name": "", "last_name": "", "email": "", "is_staff": false, "is_active": true, "date_joined": "2023-11-15T05:17:43.731Z", "groups": [], "user_permissions": []}}, {"model": "contenttypes.contenttype", "pk": 1, "fields": {"app_label": "admin", "model": "logentry"}}, {"model": "contenttypes.contenttype", "pk": 2, "fields": {"app_label": "auth", "model": "permission"}}, {"model": "contenttypes.contenttype", "pk": 3, "fields": {"app_label": "auth", "model": "group"}}, {"model": "contenttypes.contenttype", "pk": 4, "fields": {"app_label": "auth", "model": "user"}}, {"model": "contenttypes.contenttype", "pk": 5, "fields": {"app_label": "contenttypes", "model": "contenttype"}}, {"model": "contenttypes.contenttype", "pk": 6, "fields": {"app_label": "sessions", "model": "session"}}, {"model": "contenttypes.contenttype", "pk": 7, "fields": {"app_label": "Product", "model": "product"}}, {"model": "contenttypes.contenttype", "pk": 8, "fields": {"app_label": "Product", "model": "order"}}, {"model": "contenttypes.contenttype", "pk": 9, "fields": {"app_label": "vendors", "model": "vendor"}}, {"model": "contenttypes.contenttype", "pk": 10, "fields": {"app_label": "location", "model": "restaurant"}}, {"model": "contenttypes.contenttype", "pk": 11, "fields": {"app_label": "Product", "model": "feedback"}}, {"model": "contenttypes.contenttype", "pk": 12, "fields": {"app_label": "Product", "model": "review"}}, {"model": "contenttypes.contenttype", "pk": 13, "fields": {"app_label": "Product", "model": "ratingcomment"}}, {"model": "contenttypes.contenttype", "pk": 14, "fields": {"app_label": "vendor", "model": "vendor"}}, {"model": "sessions.session", "pk": "0hdoubxddvriha9qy0oonfqsvaytw7a5", "fields": {"session_data": ".eJxVjDEOgzAMRe-SuYqCbGLSsXvPEDmxKbRVkAhMqHcvSAzt-t97fzOR12WIa9U5jmKupkFz-R0T55eWg8iTy2OyeSrLPCZ7KPak1d4n0fftdP8OBq7DXpMjQGJgH7RBB-qhl15BGggYxGlKHQRCIvCYW-mZc9cSdTm73fPm8wX08Tge:1r38Hk:V10wB5Ej9v3vDXgZaYiON_74GC6E8xdgc5YH_LfF0OM", "expire_date": "2023-11-29T05:17:56.633Z"}}, {"model": "sessions.session", "pk": "371yqq4z3lge591gn9svgvf923nulmwb", "fields": {"session_data": "ZDdjNmRkNmQ2MWEzM2VkMmVhZTVjODA1ZWE5MGIxMjg1NDMxNTJjYzp7Il9hdXRoX3VzZXJfaWQiOiI4IiwiX2F1dGhfdXNlcl9iYWNrZW5kIjoiZGphbmdvLmNvbnRyaWIuYXV0aC5iYWNrZW5kcy5Nb2RlbEJhY2tlbmQiLCJfYXV0aF91c2VyX2hhc2giOiI4N2Q1NzI5ZmEwY2JiNWFkZmEzY2Q4ZjJiZDViZGNiYWIzNmEwOThhIn0=", "expire_date": "2023-10-22T10:08:42.849Z"}}, {"model": "sessions.session", "pk": "a48zoxmylc6v9w81m1vd9ct62kva2eye", "fields": {"session_data": "ZDdjNmRkNmQ2MWEzM2VkMmVhZTVjODA1ZWE5MGIxMjg1NDMxNTJjYzp7Il9hdXRoX3VzZXJfaWQiOiI4IiwiX2F1dGhfdXNlcl9iYWNrZW5kIjoiZGphbmdvLmNvbnRyaWIuYXV0aC5iYWNrZW5kcy5Nb2RlbEJhY2tlbmQiLCJfYXV0aF91c2VyX2hhc2giOiI4N2Q1NzI5ZmEwY2JiNWFkZmEzY2Q4ZjJiZDViZGNiYWIzNmEwOThhIn0=", "expire_date": "2023-10-06T08:06:54.583Z"}}, {"model": "sessions.session", "pk": "cpnwghvafbmwak14uq6uz8q1wfdbd2jd", "fields": {"session_data": "NmJmYmQ0YmUwNWMzNjEwZWJiODhkOTg3NWQ5ZDM1ZDYwNzEyZjQxZjp7Il9hdXRoX3VzZXJfaWQiOiIxIiwiX2F1dGhfdXNlcl9iYWNrZW5kIjoiZGphbmdvLmNvbnRyaWIuYXV0aC5iYWNrZW5kcy5Nb2RlbEJhY2tlbmQiLCJfYXV0aF91c2VyX2hhc2giOiIxOTY1ZTU3MDk1ODQyNTViOWM1NjA1ODQwZjc5N2I2OWNkMjBiYTRhIn0=", "expire_date": "2019-12-13T03:45:37.958Z"}}, {"model": "sessions.session", "pk": "exipeghfn7b9sth77a1jo6rzp5mv0ql4", "fields": {"session_data": ".eJxVjDsOwjAQBe_iGlle_xJT0nMGy95d4wBypDipEHeHSCmgfTPzXiKmba1x67zEicRZgBKn3zEnfHDbCd1Tu80S57YuU5a7Ig_a5XUmfl4O9--gpl6_tR5cGCkgwuBKtgWU1dkis-KU2LDLqMChDVSUBW-8AQIPZnTsKWgj3h8MGDfH:1r52d2:o0OHiVG33aVnq3F8hGkoGZ1hU5DNpZEtvjLvkP94nL4", "expire_date": "2023-12-04T11:39:48.890Z"}}, {"model": "sessions.session", "pk": "hv9egkekk90v1zekow1xzi8t7s78pshq", "fields": {"session_data": ".eJxVjDsOwjAQBe_iGlle_xJT0nMGy95d4wBypDipEHeHSCmgfTPzXiKmba1x67zEicRZgBKn3zEnfHDbCd1Tu80S57YuU5a7Ig_a5XUmfl4O9--gpl6_tR5cGCkgwuBKtgWU1dkis-KU2LDLqMChDVSUBW-8AQIPZnTsKWgj3h8MGDfH:1r3897:XHDO-nullqXQrZGOtRMLnSVpEl9x2o-MVXbtxRqVL3A", "expire_date": "2023-11-29T05:09:01.597Z"}}, {"model": "sessions.session", "pk": "j9q953xkjyr3axo2i5pkl1z97f312ekv", "fields": {"session_data": ".eJxVjEsOwjAMBe-SNYpsxU4CS_acIUochxZQK_Wzqrg7VOoCtm9m3mZSXpcurbNOqa_mYhDN6XcsWZ467KQ-8nAfrYzDMvXF7oo96GxvY9XX9XD_Dro8d9_aO4zoFVzEgq0QE_nmCCIL8Llp8KBBOHARIK7oiQQRsgpGcZ7N-wPRfTbW:1r2q29:wZ6DB8B0bR0qCVIUlu7-Mg7VdF_68osrdyixbosGPl0", "expire_date": "2023-11-28T09:48:37.698Z"}}, {"model": "sessions.session", "pk": "jj4p7om57k158pja4a38rmwftnjtkhwg", "fields": {"session_data": ".eJxVjDEOgzAMRe-SuYqCbGLSsXvPEDmxKbRVkAhMqHcvSAzt-t97fzOR12WIa9U5jmKupkFz-R0T55eWg8iTy2OyeSrLPCZ7KPak1d4n0fftdP8OBq7DXpMjQGJgH7RBB-qhl15BGggYxGlKHQRCIvCYW-mZc9cSdTm73fPm8wX08Tge:1r38Hj:3Ao3nOLk9wxoz8KvesWTsPtvxCGKPrxYxmeP8l-8e6M", "expire_date": "2023-11-29T05:17:55.193Z"}}, {"model": "sessions.session", "pk": "lovl8o9eaozgo3ue3mk6897wkh4op0t6", "fields": {"session_data": "ZGE0M2YxNzMwYWJjNDk5OWVjNGJlMGI2ODM4MTU0MmNmODY2ZDk2MTp7Il9hdXRoX3VzZXJfaWQiOiI3IiwiX2F1dGhfdXNlcl9iYWNrZW5kIjoiZGphbmdvLmNvbnRyaWIuYXV0aC5iYWNrZW5kcy5Nb2RlbEJhY2tlbmQiLCJfYXV0aF91c2VyX2hhc2giOiI0NWM0N2U3ZTVlY2M1NzM0OWI4NTdkNjIxMDk1Mjk2MGUxYjdmMDdkIn0=", "expire_date": "2023-09-25T08:12:23.167Z"}}, {"model": "sessions.session", "pk": "lwrcy5v1jcez4xde18knounu164tt95p", "fields": {"session_data": "OThjZGI5NjI3ZWNhOWFhNDk0N2ZlMTlmYzc4MmY3NjJhNmVhNWEzOTp7Il9hdXRoX3VzZXJfaWQiOiIyIiwiX2F1dGhfdXNlcl9iYWNrZW5kIjoiZGphbmdvLmNvbnRyaWIuYXV0aC5iYWNrZW5kcy5Nb2RlbEJhY2tlbmQiLCJfYXV0aF91c2VyX2hhc2giOiJlMmVmZGViY2IwMmIxNGJmZTI0N2NiZDE0NTg5ZGY3YzVkMzE1MDliIn0=", "expire_date": "2019-12-25T15:56:11.960Z"}}, {"model": "sessions.session", "pk": "pte0dmbrbndvfik9nvt0dbh8xjttx8uu", "fields": {"session_data": ".eJxVjDsOwjAQBe_iGlle_xJT0nMGy95d4wBypDipEHeHSCmgfTPzXiKmba1x67zEicRZgBKn3zEnfHDbCd1Tu80S57YuU5a7Ig_a5XUmfl4O9--gpl6_tR5cGCkgwuBKtgWU1dkis-KU2LDLqMChDVSUBW-8AQIPZnTsKWgj3h8MGDfH:1r2q1Q:RzBINe5KdHk2xbKqIDNa_AuO2psdzVdl5eMWd9WeRTI", "expire_date": "2023-11-28T09:47:52.951Z"}}, {"model": "sessions.session", "pk": "tygph74li0p8n7bhi1mkhfwxiuaco7c1", "fields": {"session_data": ".eJxVjDEOgzAMRe-SuYqCbGLSsXvPEDmxKbRVkAhMqHcvSAzt-t97fzOR12WIa9U5jmKupkFz-R0T55eWg8iTy2OyeSrLPCZ7KPak1d4n0fftdP8OBq7DXpMjQGJgH7RBB-qhl15BGggYxGlKHQRCIvCYW-mZc9cSdTm73fPm8wX08Tge:1r38Hi:lDj-5m3xw4hOAg7pATCa-1SgWRDNdS_qxDuoOrLx4vY", "expire_date": "2023-11-29T05:17:54.068Z"}}, {"model": "sessions.session", "pk": "uaka2r9y938b4ax4afvtmuh0hcdl7tpc", "fields": {"session_data": ".eJxVjEsOwjAMBe-SNYpsxU4CS_acIUochxZQK_Wzqrg7VOoCtm9m3mZSXpcurbNOqa_mYhDN6XcsWZ467KQ-8nAfrYzDMvXF7oo96GxvY9XX9XD_Dro8d9_aO4zoFVzEgq0QE_nmCCIL8Llp8KBBOHARIK7oiQQRsgpGcZ7N-wPRfTbW:1r2q29:wZ6DB8B0bR0qCVIUlu7-Mg7VdF_68osrdyixbosGPl0", "expire_date": "2023-11-28T09:48:37.455Z"}}, {"model": "sessions.session", "pk": "vd2shd1luqvav95wwdpqwjvtxohup8x6", "fields": {"session_data": ".eJxVjDEOgzAMRe-SuYqCbGLSsXvPEDmxKbRVkAhMqHcvSAzt-t97fzOR12WIa9U5jmKupkFz-R0T55eWg8iTy2OyeSrLPCZ7KPak1d4n0fftdP8OBq7DXpMjQGJgH7RBB-qhl15BGggYxGlKHQRCIvCYW-mZc9cSdTm73fPm8wX08Tge:1r38Hk:V10wB5Ej9v3vDXgZaYiON_74GC6E8xdgc5YH_LfF0OM", "expire_date": "2023-11-29T05:17:56.979Z"}}, {"model": "sessions.session", "pk": "x62r1k1tuysigjsmosupdalm50o05evm", "fields": {"session_data": ".eJxVjDEOgzAMRe-SuYqCbGLSsXvPEDmxKbRVkAhMqHcvSAzt-t97fzOR12WIa9U5jmKupkFz-R0T55eWg8iTy2OyeSrLPCZ7KPak1d4n0fftdP8OBq7DXpMjQGJgH7RBB-qhl15BGggYxGlKHQRCIvCYW-mZc9cSdTm73fPm8wX08Tge:1r38Hm:TfdZSZWX9pxwTv_JLO-8OeSTa7mWX-YiPQCmceQVmrg", "expire_date": "2023-11-29T05:17:58.772Z"}}, {"model": "Product.product", "pk": 6, "fields": {"name": "Matoke", "slug": "matoke", "category": "ComredsCorner", "created": "2023-09-22T06:31:57.772Z", "last_updated": "2023-09-22T06:31:57.772Z", "description": "This is a Yummy healthy matoke freshly cooked from the farm with a lot of health benefit to the body taste it now.", "price": 90.0, "image": "media/Product-images/christina-rumpf-gUU4MF87Ipw-unsplash.jpg"}}, {"model": "Product.product", "pk": 7, "fields": {"name": "Fried Beef", "slug": "fried-beef", "category": "TUM Mess", "created": "2023-09-22T06:35:40.063Z", "last_updated": "2023-09-22T06:35:40.064Z", "description": "This is a well cooked meal with a lot of proteins try it out with a pap delivery to your hostel doors", "price": 150.0, "image": "media/Product-images/download_1.jpg"}}, {"model": "Product.product", "pk": 8, "fields": {"name": "Fresh Fried Fish", "slug": "fresh-fried-fish", "category": "Mambuzi", "created": "2023-09-22T06:37:54.916Z", "last_updated": "2023-09-22T06:37:54.916Z", "description": "This fish is fresh from the lake and prepared in a nice way for sure don't miss the taste", "price": 180.0, "image": "media/Product-images/download_2.jpg"}}, {"model": "Product.product", "pk": 9, "fields": {"name": "Chapati/beans", "slug": "chapatibeans", "category": "TUM mess", "created": "2023-09-22T06:41:15.571Z", "last_updated": "2023-09-22T06:41:15.571Z", "description": "Soft and tasty chapatis and nice delicious beans prepared welcome an instant delivery of less that 10 minutes order now", "price": 60.0, "image": "media/Product-images/download_3.jpg"}}, {"model": "Product.order", "pk": 1, "fields": {"name": "sally", "contact": "076543221", "slug": "sally", "created": "2023-11-12T06:39:23.568Z", "last_updated": "2023-11-12T06:39:23.568Z", "address": "kisumu", "count": 1, "cost": 180, "delivered": true, "delivered_on": "2023-11-12T06:39:23.568Z", "product": 8, "order_by": 13}}, {"model": "Product.order", "pk": 2, "fields": {"name": "sally", "contact": "0742517334", "slug": "sally-2", "created": "2023-11-12T06:44:42.275Z", "last_updated": "2023-11-12T06:44:42.275Z", "address": "kisumu", "count": 1, "cost": 90, "delivered": false, "delivered_on": "2023-11-08T07:04:56Z", "product": 6, "order_by": 10}}, {"model": "Product.order", "pk": 3, "fields": {"name": "sally", "contact": "0742517334", "slug": "sally-3", "created": "2023-11-12T08:25:36.577Z", "last_updated": "2023-11-12T08:25:36.577Z", "address": "kisumu", "count": 1, "cost": 60, "delivered": false, "delivered_on": "2023-11-08T07:04:56Z", "product": 9, "order_by": 10}}, {"model": "Product.order", "pk": 4, "fields": {"name": "sally", "contact": "0742517334", "slug": "sally-4", "created": "2023-11-12T08:54:53.658Z", "last_updated": "2023-11-12T08:54:53.658Z", "address": "kisunu", "count": 1, "cost": 180, "delivered": false, "delivered_on": "2023-11-08T07:04:56Z", "product": 8, "order_by": 10}}, {"model": "Product.order", "pk": 5, "fields": {"name": "nelly", "contact": "0742517334", "slug": "nelly", "created": "2023-11-12T09:49:21.664Z", "last_updated": "2023-11-12T09:49:21.664Z", "address": "kericho", "count": 1, "cost": 26, "delivered": false, "delivered_on": "2023-11-08T07:04:56Z", "product": 8, "order_by": 10}}, {"model": "Product.order", "pk": 6, "fields": {"name": "sally", "contact": "0742517334", "slug": "sally-5", "created": "2023-11-12T10:15:45.117Z", "last_updated": "2023-11-12T10:15:45.118Z", "address": "kericho", "count": 1, "cost": 150, "delivered": false, "delivered_on": "2023-11-20T08:07:12.078Z", "product": 7, "order_by": 10}}, {"model": "Product.order", "pk": 7, "fields": {"name": "vic", "contact": "0742517334", "slug": "vic", "created": "2023-11-12T10:19:24.595Z", "last_updated": "2023-11-12T10:19:24.595Z", "address": "nyali", "count": 1, "cost": 180, "delivered": false, "delivered_on": "2023-11-20T08:07:12.078Z", "product": 8, "order_by": 10}}, {"model": "Product.order", "pk": 8, "fields": {"name": "abok", "contact": "0742517334", "slug": "abok", "created": "2023-11-12T10:23:42.239Z", "last_updated": "2023-11-12T10:23:42.239Z", "address": "nairobi", "count": 1, "cost": 60, "delivered": false, "delivered_on": "2023-11-20T08:07:12.078Z", "product": 9, "order_by": 10}}, {"model": "Product.order", "pk": 9, "fields": {"name": "abok", "contact": "0742517334", "slug": "abok-2", "created": "2023-11-12T10:26:48.552Z", "last_updated": "2023-11-12T10:26:48.552Z", "address": "kenya", "count": 1, "cost": 180, "delivered": false, "delivered_on": "2023-11-20T08:07:12.078Z", "product": 8, "order_by": 10}}, {"model": "Product.order", "pk": 10, "fields": {"name": "clara", "contact": "0742517334", "slug": "clara", "created": "2023-11-14T08:44:22.851Z", "last_updated": "2023-11-14T08:44:22.851Z", "address": "nyali", "count": 1, "cost": 180, "delivered": false, "delivered_on": "2023-11-20T08:07:12.078Z", "product": 8, "order_by": 10}}, {"model": "Product.order", "pk": 11, "fields": {"name": "clara", "contact": "0742517334", "slug": "clara-2", "created": "2023-11-14T08:44:26.609Z", "last_updated": "2023-11-14T08:44:26.609Z", "address": "nyali", "count": 1, "cost": 180, "delivered": false, "delivered_on": "2023-11-20T08:07:12.078Z", "product": 8, "order_by": 10}}, {"model": "Product.order", "pk": 12, "fields": {"name": "clara", "contact": "0742517334", "slug": "clara-3", "created": "2023-11-14T08:44:28.660Z", "last_updated": "2023-11-14T08:44:28.660Z", "address": "nyali", "count": 1, "cost": 180, "delivered": false, "delivered_on": "2023-11-20T08:07:12.078Z", "product": 8, "order_by": 10}}, {"model": "Product.order", "pk": 13, "fields": {"name": "sally", "contact": "0742517334", "slug": "sally-6", "created": "2023-11-14T09:18:59.311Z", "last_updated": "2023-11-14T09:18:59.311Z", "address": "nyali", "count": 1, "cost": 180, "delivered": false, "delivered_on": "2023-11-20T08:07:12.078Z", "product": 8, "order_by": 10}}, {"model": "Product.order", "pk": 14, "fields": {"name": "mare", "contact": "0742517334", "slug": "mare", "created": "2023-11-14T09:31:02.093Z", "last_updated": "2023-11-14T09:31:02.093Z", "address": "fvefvss", "count": 1, "cost": 90, "delivered": false, "delivered_on": "2023-11-20T08:07:12.078Z", "product": 6, "order_by": 10}}, {"model": "Product.order", "pk": 15, "fields": {"name": "mare", "contact": "0742517334", "slug": "mare-2", "created": "2023-11-14T09:32:40.699Z", "last_updated": "2023-11-14T09:32:40.699Z", "address": "fvefvss", "count": 1, "cost": 90, "delivered": false, "delivered_on": "2023-11-20T08:07:12.078Z", "product": 6, "order_by": 10}}, {"model": "Product.order", "pk": 16, "fields": {"name": "mare", "contact": "0742517334", "slug": "mare-3", "created": "2023-11-14T09:33:39.211Z", "last_updated": "2023-11-14T09:33:39.211Z", "address": "fvefvss", "count": 1, "cost": 90, "delivered": false, "delivered_on": "2023-11-20T08:07:12.078Z", "product": 6, "order_by": 10}}, {"model": "Product.order", "pk": 17, "fields": {"name": "mare", "contact": "0742517334", "slug": "mare-4", "created": "2023-11-14T09:33:39.443Z", "last_updated": "2023-11-14T09:33:39.443Z", "address": "fvefvss", "count": 1, "cost": 90, "delivered": false, "delivered_on": "2023-11-20T08:07:12.078Z", "product": 6, "order_by": 10}}, {"model": "Product.order", "pk": 18, "fields": {"name": "mare", "contact": "0742517334", "slug": "mare-5", "created": "2023-11-14T09:33:40.481Z", "last_updated": "2023-11-14T09:33:40.481Z", "address": "fvefvss", "count": 1, "cost": 90, "delivered": false, "delivered_on": "2023-11-20T08:07:12.078Z", "product": 6, "order_by": 10}}, {"model": "Product.order", "pk": 19, "fields": {"name": "mare", "contact": "0742517334", "slug": "mare-6", "created": "2023-11-14T09:33:40.692Z", "last_updated": "2023-11-14T09:33:40.692Z", "address": "fvefvss", "count": 1, "cost": 90, "delivered": false, "delivered_on": "2023-11-20T08:07:12.078Z", "product": 6, "order_by": 10}}, {"model": "Product.order", "pk": 20, "fields": {"name": "mare", "contact": "0742517334", "slug": "mare-7", "created": "2023-11-14T09:33:41.043Z", "last_updated": "2023-11-14T09:33:41.043Z", "address": "fvefvss", "count": 1, "cost": 90, "delivered": false, "delivered_on": "2023-11-20T08:07:12.078Z", "product": 6, "order_by": 10}}, {"model": "Product.order", "pk": 21, "fields": {"name": "clara", "contact": "0742517334", "slug": "clara-4", "created": "2023-11-14T09:50:23.475Z", "last_updated": "2023-11-14T09:50:23.475Z", "address": "wear", "count": 1, "cost": 150, "delivered": false, "delivered_on": "2023-11-20T08:07:12.078Z", "product": 7, "order_by": 11}}, {"model": "Product.order", "pk": 22, "fields": {"name": "clara", "contact": "0742517334", "slug": "clara-5", "created": "2023-11-14T09:50:29.821Z", "last_updated": "2023-11-14T09:50:29.821Z", "address": "wear", "count": 1, "cost": 150, "delivered": false, "delivered_on": "2023-11-20T08:07:12.078Z", "product": 7, "order_by": 11}}, {"model": "Product.order", "pk": 23, "fields": {"name": "clara", "contact": "0742517334", "slug": "clara-6", "created": "2023-11-14T09:50:30.035Z", "last_updated": "2023-11-14T09:50:30.035Z", "address": "wear", "count": 1, "cost": 150, "delivered": false, "delivered_on": "2023-11-20T08:07:12.078Z", "product": 7, "order_by": 11}}, {"model": "Product.order", "pk": 24, "fields": {"name": "clara", "contact": "0742517334", "slug": "clara-7", "created": "2023-11-14T09:50:42.460Z", "last_updated": "2023-11-14T09:50:42.460Z", "address": "wear", "count": 1, "cost": 150, "delivered": false, "delivered_on": "2023-11-20T08:07:12.078Z", "product": 7, "order_by": 11}}, {"model": "Product.order", "pk": 25, "fields": {"name": "clara", "contact": "0742517334", "slug": "clara-8", "created": "2023-11-14T09:50:42.682Z", "last_updated": "2023-11-14T09:50:42.682Z", "address": "wear", "count": 1, "cost": 150, "delivered": false, "delivered_on": "2023-11-20T08:07:12.078Z", "product": 7, "order_by": 11}}, {"model": "Product.order", "pk": 26, "fields": {"name": "clara", "contact": "0742517334", "slug": "clara-9", "created": "2023-11-14T11:32:13.584Z", "last_updated": "2023-11-14T11:32:13.585Z", "address": "nyali", "count": 1, "cost": 180, "delivered": false, "delivered_on": "2023-11-20T08:07:12.078Z", "product": 8, "order_by": 11}}, {"model": "Product.order", "pk": 27, "fields": {"name": "clara", "contact": "0742517334", "slug": "clara-10", "created": "2023-11-14T11:33:46.631Z", "last_updated": "2023-11-14T11:33:46.631Z", "address": "nyali", "count": 1, "cost": 150, "delivered": false, "delivered_on": "2023-11-20T08:07:12.078Z", "product": 7, "order_by": 11}}, {"model": "Product.order", "pk": 28, "fields": {"name": "mali", "contact": "0742517334", "slug": "mali", "created": "2023-11-14T11:41:11.204Z", "last_updated": "2023-11-14T11:41:11.204Z", "address": "meru", "count": 1, "cost": 130, "delivered": false, "delivered_on": "2023-11-07T06:30:00Z", "product": 8, "order_by": 10}}, {"model": "Product.order", "pk": 29, "fields": {"name": "clara", "contact": "0742517334", "slug": "clara-11", "created": "2023-11-14T11:43:27.501Z", "last_updated": "2023-11-14T11:43:27.501Z", "address": "meru", "count": 1, "cost": 180, "delivered": false, "delivered_on": "2023-11-20T08:07:12.078Z", "product": 8, "order_by": 10}}, {"model": "Product.order", "pk": 30, "fields": {"name": "clara", "contact": "0742517334", "slug": "clara-12", "created": "2023-11-14T11:57:11.623Z", "last_updated": "2023-11-14T11:57:11.623Z", "address": "kisumu", "count": 1, "cost": 180, "delivered": false, "delivered_on": "2023-11-20T08:07:12.078Z", "product": 8, "order_by": 10}}, {"model": "Product.order", "pk": 31, "fields": {"name": "clara", "contact": "0742517334", "slug": "clara-13", "created": "2023-11-14T12:43:27.064Z", "last_updated": "2023-11-14T12:43:27.064Z", "address": "mali", "count": 1, "cost": 180, "delivered": false, "delivered_on": "2023-11-20T08:07:12.078Z", "product": 8, "order_by": 10}}, {"model": "Product.order", "pk": 32, "fields": {"name": "clara", "contact": "0742517334", "slug": "clara-14", "created": "2023-11-14T13:37:09.872Z", "last_updated": "2023-11-14T13:37:09.872Z", "address": "mali", "count": 1, "cost": 180, "delivered": false, "delivered_on": "2023-11-20T08:07:12.078Z", "product": 8, "order_by": 10}}, {"model": "Product.order", "pk": 33, "fields": {"name": "clara", "contact": "0742517334", "slug": "clara-15", "created": "2023-11-14T13:40:27.618Z", "last_updated": "2023-11-14T13:40:27.618Z", "address": "mali", "count": 1, "cost": 180, "delivered": false, "delivered_on": "2023-11-20T08:07:12.078Z", "product": 8, "order_by": 10}}, {"model": "Product.order", "pk": 34, "fields": {"name": "clara", "contact": "0742517334", "slug": "clara-16", "created": "2023-11-14T13:49:44.695Z", "last_updated": "2023-11-14T13:49:44.695Z", "address": "mali", "count": 1, "cost": 180, "delivered": false, "delivered_on": "2023-11-20T08:07:12.078Z", "product": 8, "order_by": 10}}, {"model": "Product.order", "pk": 35, "fields": {"name": "clara", "contact": "0742517334", "slug": "clara-17", "created": "2023-11-14T16:48:10.849Z", "last_updated": "2023-11-14T16:48:10.849Z", "address": "nyali", "count": 1, "cost": 180, "delivered": false, "delivered_on": "2023-11-20T08:07:12.078Z", "product": 8, "order_by": 10}}, {"model": "Product.order", "pk": 36, "fields": {"name": "clara", "contact": "0742517334", "slug": "clara-18", "created": "2023-11-14T16:51:26.394Z", "last_updated": "2023-11-14T16:51:26.394Z", "address": "hollihood", "count": 1, "cost": 150, "delivered": false, "delivered_on": "2023-11-20T08:07:12.078Z", "product": 7, "order_by": 10}}, {"model": "Product.order", "pk": 37, "fields": {"name": "sally", "contact": "0742517334", "slug": "sally-7", "created": "2023-11-14T17:24:10.705Z", "last_updated": "2023-11-14T17:24:10.705Z", "address": "maua", "count": 1, "cost": 180, "delivered": false, "delivered_on": "2023-11-20T08:07:12.078Z", "product": 8, "order_by": 10}}, {"model": "Product.order", "pk": 38, "fields": {"name": "sally", "contact": "0742517334", "slug": "sally-8", "created": "2023-11-14T17:27:04.318Z", "last_updated": "2023-11-14T17:27:04.318Z", "address": "maua", "count": 1, "cost": 180, "delivered": false, "delivered_on": "2023-11-20T08:07:12.078Z", "product": 8, "order_by": 10}}, {"model": "Product.order", "pk": 39, "fields": {"name": "clara", "contact": "0742517334", "slug": "clara-19", "created": "2023-11-14T18:27:40.485Z", "last_updated": "2023-11-14T18:27:40.485Z", "address": "nyali", "count": 1, "cost": 90, "delivered": false, "delivered_on": "2023-11-20T08:07:12.078Z", "product": 6, "order_by": 10}}, {"model": "Product.order", "pk": 40, "fields": {"name": "clara", "contact": "0742517334", "slug": "clara-20", "created": "2023-11-14T19:40:31.687Z", "last_updated": "2023-11-14T19:40:31.687Z", "address": "mali", "count": 1, "cost": 90, "delivered": false, "delivered_on": "2023-11-20T08:07:12.078Z", "product": 6, "order_by": 10}}, {"model": "Product.order", "pk": 41, "fields": {"name": "clara", "contact": "0742517334", "slug": "clara-21", "created": "2023-11-17T05:20:23.025Z", "last_updated": "2023-11-17T05:20:23.025Z", "address": "meru", "count": 1, "cost": 180, "delivered": false, "delivered_on": "2023-11-20T08:07:12.078Z", "product": 8, "order_by": 10}}, {"model": "Product.order", "pk": 42, "fields": {"name": "clara", "contact": "0742517334", "slug": "clara-22", "created": "2023-11-17T06:03:34.282Z", "last_updated": "2023-11-17T06:03:34.282Z", "address": "mali", "count": 1, "cost": 180, "delivered": false, "delivered_on": "2023-11-20T08:07:12.078Z", "product": 8, "order_by": 10}}, {"model": "Product.order", "pk": 43, "fields": {"name": "clara", "contact": "0742517334", "slug": "clara-23", "created": "2023-11-19T04:42:15.819Z", "last_updated": "2023-11-19T04:42:15.819Z", "address": "meli", "count": 3, "cost": 450, "delivered": false, "delivered_on": "2023-11-20T08:07:12.078Z", "product": 7, "order_by": 10}}, {"model": "Product.order", "pk": 44, "fields": {"name": "clara", "contact": "0742517334", "slug": "clara-24", "created": "2023-11-19T04:54:31.965Z", "last_updated": "2023-11-19T04:54:31.965Z", "address": "meli", "count": 3, "cost": 450, "delivered": false, "delivered_on": "2023-11-20T08:07:12.078Z", "product": 7, "order_by": 10}}, {"model": "Product.order", "pk": 45, "fields": {"name": "clara", "contact": "0742517334", "slug": "clara-25", "created": "2023-11-19T05:37:04.274Z", "last_updated": "2023-11-19T05:37:04.274Z", "address": "mein", "count": 1, "cost": 180, "delivered": false, "delivered_on": "2023-11-20T08:07:12.078Z", "product": 8, "order_by": 10}}, {"model": "Product.order", "pk": 46, "fields": {"name": "clara", "contact": "0742517334", "slug": "clara-26", "created": "2023-11-19T06:12:34.627Z", "last_updated": "2023-11-19T06:12:34.627Z", "address": "mali", "count": 1, "cost": 150, "delivered": false, "delivered_on": "2023-11-20T08:07:12.078Z", "product": 7, "order_by": 10}}, {"model": "Product.order", "pk": 47, "fields": {"name": "mare", "contact": "0742517334", "slug": "mare-8", "created": "2023-11-19T06:20:02.591Z", "last_updated": "2023-11-19T06:20:02.591Z", "address": "lili", "count": 1, "cost": 180, "delivered": false, "delivered_on": "2023-11-20T08:07:12.078Z", "product": 8, "order_by": 10}}, {"model": "Product.order", "pk": 48, "fields": {"name": "sally", "contact": "0742517334", "slug": "sally-9", "created": "2023-11-19T07:14:37.785Z", "last_updated": "2023-11-19T07:14:37.785Z", "address": "maru", "count": 1, "cost": 150, "delivered": false, "delivered_on": "2023-11-20T08:07:12.078Z", "product": 7, "order_by": 10}}, {"model": "Product.order", "pk": 49, "fields": {"name": "mare", "contact": "0742517334", "slug": "mare-9", "created": "2023-11-19T07:20:52.617Z", "last_updated": "2023-11-19T07:20:52.617Z", "address": "near", "count": 1, "cost": 150, "delivered": false, "delivered_on": "2023-11-20T08:07:12.078Z", "product": 7, "order_by": 10}}, {"model": "Product.order", "pk": 50, "fields": {"name": "clara", "contact": "0742517334", "slug": "clara-27", "created": "2023-11-19T07:46:55.308Z", "last_updated": "2023-11-19T07:46:55.308Z", "address": "mali", "count": 1, "cost": 90, "delivered": false, "delivered_on": "2023-11-20T08:07:12.078Z", "product": 6, "order_by": 10}}, {"model": "Product.order", "pk": 51, "fields": {"name": "clara", "contact": "0742517334", "slug": "clara-28", "created": "2023-11-19T07:55:12.800Z", "last_updated": "2023-11-19T07:55:12.800Z", "address": "meru", "count": 1, "cost": 90, "delivered": false, "delivered_on": "2023-11-20T08:07:12.078Z", "product": 6, "order_by": 10}}, {"model": "Product.order", "pk": 52, "fields": {"name": "marry", "contact": "0742517334", "slug": "marry", "created": "2023-11-20T09:32:22.889Z", "last_updated": "2023-11-20T09:32:22.889Z", "address": "nyali", "count": 1, "cost": 130, "delivered": true, "delivered_on": "2023-11-15T05:29:05Z", "product": 8, "order_by": 10}}, {"model": "Product.order", "pk": 53, "fields": {"name": "abok", "contact": "0742517334", "slug": "abok-3", "created": "2023-11-20T09:35:03.961Z", "last_updated": "2023-11-20T09:35:03.961Z", "address": "mali", "count": 1, "cost": 90, "delivered": false, "delivered_on": "2023-11-20T08:07:12.078Z", "product": 6, "order_by": 10}}, {"model": "Product.order", "pk": 54, "fields": {"name": "abok", "contact": "0742517334", "slug": "abok-4", "created": "2023-11-20T09:36:11.377Z", "last_updated": "2023-11-20T09:36:11.377Z", "address": "mali", "count": 1, "cost": 90, "delivered": false, "delivered_on": "2023-11-20T08:07:12.078Z", "product": 6, "order_by": 10}}, {"model": "Product.order", "pk": 55, "fields": {"name": "abok", "contact": "0742517334", "slug": "abok-5", "created": "2023-11-20T10:04:01.409Z", "last_updated": "2023-11-20T10:04:01.409Z", "address": "mali", "count": 1, "cost": 90, "delivered": true, "delivered_on": "2023-11-20T10:04:01.391Z", "product": 6, "order_by": 10}}, {"model": "Product.order", "pk": 56, "fields": {"name": "abok", "contact": "0742517334", "slug": "abok-6", "created": "2023-11-20T10:20:32.204Z", "last_updated": "2023-11-20T10:20:32.204Z", "address": "mali", "count": 6, "cost": 540, "delivered": false, "delivered_on": "2023-11-20T10:39:58.225Z", "product": 6, "order_by": 10}}, {"model": "Product.order", "pk": 57, "fields": {"name": "abok", "contact": "0742517334", "slug": "abok-7", "created": "2023-11-20T10:24:28.130Z", "last_updated": "2023-11-20T10:24:28.130Z", "address": "mali", "count": 6, "cost": 540, "delivered": false, "delivered_on": "2023-11-20T10:39:58.225Z", "product": 6, "order_by": 10}}, {"model": "Product.order", "pk": 58, "fields": {"name": "clara", "contact": "0742517334", "slug": "clara-29", "created": "2023-11-20T11:41:21.119Z", "last_updated": "2023-11-20T11:41:21.119Z", "address": "meru", "count": 4, "cost": 720, "delivered": true, "delivered_on": "2023-11-20T12:00:49.207Z", "product": 8, "order_by": 10}}, {"model": "Product.order", "pk": 59, "fields": {"name": "clara", "contact": "0742517334", "slug": "clara-30", "created": "2023-11-20T11:42:35.152Z", "last_updated": "2023-11-20T11:42:35.152Z", "address": "meru", "count": 4, "cost": 720, "delivered": true, "delivered_on": "2023-11-20T12:00:49.207Z", "product": 8, "order_by": 10}}, {"model": "Product.order", "pk": 60, "fields": {"name": "mare", "contact": "0742517334", "slug": "mare-10", "created": "2023-11-20T12:17:03.719Z", "last_updated": "2023-11-20T12:17:03.719Z", "address": "nyali", "count": 1, "cost": 180, "delivered": false, "delivered_on": "2023-11-20T12:36:24.344Z", "product": 8, "order_by": 10}}, {"model": "Product.order", "pk": 61, "fields": {"name": "clara", "contact": "0742517334", "slug": "clara-31", "created": "2023-11-20T12:23:38.022Z", "last_updated": "2023-11-20T12:23:38.022Z", "address": "nyali", "count": 1, "cost": 180, "delivered": false, "delivered_on": "2023-11-20T12:42:43.080Z", "product": 8, "order_by": 10}}, {"model": "Product.order", "pk": 62, "fields": {"name": "clara", "contact": "0742517334", "slug": "clara-32", "created": "2023-11-20T12:28:54.411Z", "last_updated": "2023-11-20T12:28:54.411Z", "address": "nyali", "count": 9, "cost": 1620, "delivered": false, "delivered_on": "2023-11-20T12:48:06.375Z", "product": 8, "order_by": 10}}, {"model": "Product.order", "pk": 63, "fields": {"name": "mike", "contact": "0742517334", "slug": "mike", "created": "2023-11-20T12:32:10.341Z", "last_updated": "2023-11-20T12:32:10.341Z", "address": "kericho", "count": 3, "cost": 180, "delivered": false, "delivered_on": "2023-11-20T12:51:16.361Z", "product": 9, "order_by": 10}}, {"model": "Product.order", "pk": 64, "fields": {"name": "sally", "contact": "0742517334", "slug": "sally-10", "created": "2023-11-20T12:33:48.177Z", "last_updated": "2023-11-20T12:33:48.177Z", "address": "kisii", "count": 1, "cost": 60, "delivered": false, "delivered_on": "2023-11-20T13:03:17.262Z", "product": 9, "order_by": 10}}, {"model": "Product.order", "pk": 65, "fields": {"name": "mare", "contact": "0742517334", "slug": "mare-11", "created": "2023-11-20T12:43:36.159Z", "last_updated": "2023-11-20T12:43:36.159Z", "address": "merry", "count": 1, "cost": 60, "delivered": false, "delivered_on": "2023-11-20T13:08:20.367Z", "product": 9, "order_by": 10}}, {"model": "vendor.vendor", "pk": 1, "fields": {"name": "mare", "hotel_name": "0", "email": "elsaachien@gmail.com", "phone": "0742517334", "address": null}}, {"model": "vendor.vendor", "pk": 2, "fields": {"name": "victor", "hotel_name": "0", "email": "mary@gmail.com", "phone": "0742517334", "address": null}}, {"model": "vendor.vendor", "pk": 3, "fields": {"name": "mare", "hotel_name": "0", "email": "elsaachien@gmail.com", "phone": "0742517334", "address": "Nyali"}}, {"model": "vendor.vendor", "pk": 4, "fields": {"name": "vic", "hotel_name": "0", "email": "elsaachien@gmail.com", "phone": "0742517334", "address": "Nyali"}}, {"model": "vendor.vendor", "pk": 5, "fields": {"name": "maria", "hotel_name": "mambuzi", "email": "mary@gmail.com", "phone": "0742517334", "address": "Nyali"}}, {"model": "vendor.vendor", "pk": 6, "fields": {"name": "clara", "hotel_name": "mambuzi", "email": "elsaachien@gmail.com", "phone": "0742517334", "address": "Nyali"}}, {"model": "vendor.vendor", "pk": 7, "fields": {"name": "mare", "hotel_name": "mambuzi", "email": "elsaachien@gmail.com", "phone": "0742517334", "address": "Nyali"}}]